id,first_name,last_name,email,gender,ip_address
1,King,Casaroli,kcasaroli0@adobe.com,Non-binary,162.95.133.65
2,Willi,Daughtry,wdaughtry1@google.cn,Female,19.82.102.58
3,Elianora,Shakespear,eshakespear2@loc.gov,Female,98.156.54.193
4,Stephie,Moncrefe,smoncrefe3@nationalgeographic.com,Female,206.78.167.218
5,Damara,McComiskey,dmccomiskey4@ucsd.edu,Female,136.124.168.130
6,Maryrose,Skaife d'Ingerthorpe,mskaifedingerthorpe5@guardian.co.uk,Female,218.212.243.107
7,Welsh,Blofeld,wblofeld6@tamu.edu,Male,204.169.217.185
8,Patricia,Riediger,priediger7@goodreads.com,Female,87.236.33.21
9,Joelynn,Stanmer,jstanmer8@wsj.com,Female,108.69.49.198
10,Dorena,Duiguid,dduiguid9@mtv.com,Genderfluid,96.230.94.147
11,Oralie,Aiskrigg,oaiskrigga@is.gd,Female,117.152.5.91
12,Isidore,O' Shea,iosheab@netscape.com,Polygender,49.135.132.116
13,Alanson,Kerins,akerinsc@marketwatch.com,Male,176.12.229.72
14,Hanny,Padilla,hpadillad@hubpages.com,Female,176.139.145.211
15,Roy,Kilian,rkiliane@biblegateway.com,Male,175.162.235.35
16,Jimmy,Engley,jengleyf@chicagotribune.com,Male,151.37.239.34
17,Bar,Illsley,billsleyg@networkadvertising.org,Male,215.191.244.33
18,Wendell,Bauldry,wbauldryh@house.gov,Male,42.154.115.133
19,Cissy,Calles,ccallesi@sciencedaily.com,Female,10.62.254.141
20,Beitris,Shakespeare,bshakespearej@arizona.edu,Female,12.47.50.203
21,Clarke,Ismail,cismailk@intel.com,Male,192.204.60.130
22,Wendy,Ettridge,wettridgel@reverbnation.com,Female,158.50.88.45
23,Eleonore,Perello,eperellom@youtu.be,Female,206.3.57.45
24,Emyle,Heaney,eheaneyn@dailymotion.com,Female,240.17.20.96
25,Giovanni,Dockree,gdockreeo@cbsnews.com,Male,146.158.97.216
26,Berna,Fullicks,bfullicksp@ning.com,Polygender,6.236.9.206
27,Tarrance,Lindelof,tlindelofq@chicagotribune.com,Male,3.147.115.170
28,Bengt,Licciardello,blicciardellor@sphinn.com,Male,21.3.174.53
29,Calhoun,Kinkaid,ckinkaids@ihg.com,Male,90.196.185.167
30,Pierre,Aysh,paysht@jiathis.com,Male,73.37.49.120
31,Carlie,Skerrett,cskerrettu@bravesites.com,Male,129.140.236.230
32,Marcella,Shord,mshordv@arstechnica.com,Female,197.155.63.38
33,Sherilyn,Kensy,skensyw@shop-pro.jp,Female,157.4.165.197
34,Ringo,Trussler,rtrusslerx@google.it,Male,84.19.35.222
35,Karlik,Twelve,ktwelvey@oracle.com,Male,165.66.106.222
36,Ely,Nutter,enutterz@globo.com,Male,135.223.217.4
37,Pepillo,Roughey,proughey10@deviantart.com,Male,61.151.148.222
38,Sigmund,Goodbarr,sgoodbarr11@newyorker.com,Male,84.196.111.63
39,Myrtle,Hanaford,mhanaford12@studiopress.com,Female,202.61.187.16
40,Alex,Loker,aloker13@google.ca,Male,104.144.53.79
41,Robina,Crittal,rcrittal14@bluehost.com,Female,131.196.62.37
42,Skipton,Letson,sletson15@networkadvertising.org,Male,216.14.107.61
43,Flemming,Jostan,fjostan16@xrea.com,Male,243.97.49.150
44,Seana,Benet,sbenet17@foxnews.com,Female,217.42.143.152
45,Margalo,Snasdell,msnasdell18@google.com.au,Female,64.192.166.76
46,Lou,Luna,lluna19@japanpost.jp,Female,5.124.139.4
47,Damiano,Janzen,djanzen1a@bigcartel.com,Male,138.93.69.55
48,Iris,Treslove,itreslove1b@latimes.com,Female,79.45.61.51
49,Leon,Trevains,ltrevains1c@behance.net,Male,214.227.109.38
50,Ferris,Sommerton,fsommerton1d@cdc.gov,Male,241.2.182.215
51,Eunice,Alders,ealders1e@foxnews.com,Female,135.103.210.117
52,Alisun,Hugonneau,ahugonneau1f@admin.ch,Female,49.7.179.20
53,Brunhilde,Wenden,bwenden1g@fema.gov,Female,255.1.196.0
54,Mario,Luc,mluc1h@t.co,Bigender,8.105.99.122
55,Shari,Brunel,sbrunel1i@cpanel.net,Female,193.36.121.17
56,Davon,Greir,dgreir1j@twitpic.com,Male,178.247.107.168
57,Noe,Tander,ntander1k@engadget.com,Male,157.24.46.43
58,Nick,Mohun,nmohun1l@pinterest.com,Male,94.161.106.190
59,Sigismond,Croutear,scroutear1m@home.pl,Bigender,155.6.175.186
60,Robb,Swindells,rswindells1n@g.co,Male,2.124.23.205
61,Frederica,Convery,fconvery1o@printfriendly.com,Female,179.216.174.90
62,Laurie,Laughrey,llaughrey1p@exblog.jp,Bigender,181.149.186.11
63,Dean,Windebank,dwindebank1q@alibaba.com,Male,0.195.111.222
64,Patrizio,Croucher,pcroucher1r@sfgate.com,Male,231.121.166.178
65,Marga,Uzzell,muzzell1s@constantcontact.com,Female,188.23.108.124
66,Leila,Vasentsov,lvasentsov1t@comsenz.com,Female,45.149.53.196
67,Tamarah,Beevors,tbeevors1u@yahoo.com,Female,223.227.93.30
68,Gretna,Somers,gsomers1v@fastcompany.com,Female,71.42.166.211
69,Lesli,Gascoine,lgascoine1w@mozilla.com,Female,87.245.115.125
70,Kelwin,Bigby,kbigby1x@deliciousdays.com,Male,157.251.87.64
71,Linoel,Gresch,lgresch1y@techcrunch.com,Male,71.101.9.209
72,Camilla,Bracegirdle,cbracegirdle1z@nifty.com,Female,191.77.221.137
73,Aaren,Van der Kruys,avanderkruys20@webnode.com,Female,112.93.137.21
74,Quint,Kintish,qkintish21@nasa.gov,Male,125.122.228.232
75,Abra,Tremellan,atremellan22@cnet.com,Female,156.87.222.141
76,Hannie,Branca,hbranca23@walmart.com,Female,172.30.85.65
77,Delila,Ashbridge,dashbridge24@businesswire.com,Female,235.144.44.200
78,Cyrill,Sonier,csonier25@twitpic.com,Male,187.100.241.61
79,Purcell,Prendeguest,pprendeguest26@techcrunch.com,Male,167.14.137.110
80,Hedwiga,Woollhead,hwoollhead27@prlog.org,Female,169.67.174.18
81,Elva,Coffee,ecoffee28@ed.gov,Agender,126.236.46.255
82,Maurice,Whittle,mwhittle29@mozilla.com,Male,252.30.184.24
83,Bucky,Jendrach,bjendrach2a@canalblog.com,Male,151.153.243.236
84,Rudyard,MacKnight,rmacknight2b@multiply.com,Male,93.132.156.207
85,Libbi,Hagwood,lhagwood2c@constantcontact.com,Female,110.26.200.147
86,Nathanael,Manzell,nmanzell2d@last.fm,Male,92.8.4.31
87,Regan,Boddice,rboddice2e@earthlink.net,Male,224.130.148.76
88,Lorrie,Olyff,lolyff2f@plala.or.jp,Female,111.63.198.84
89,Ellette,Knowling,eknowling2g@xing.com,Female,193.240.68.148
90,Leroy,Ruppele,lruppele2h@ihg.com,Male,165.108.213.201
91,Gran,Gook,ggook2i@nih.gov,Male,242.134.58.142
92,Oby,Cazereau,ocazereau2j@illinois.edu,Male,195.223.222.213
93,Freda,Gierck,fgierck2k@youtube.com,Female,43.241.155.84
94,Clo,Hayller,chayller2l@businessweek.com,Female,39.148.26.45
95,Christie,Jellett,cjellett2m@foxnews.com,Male,114.132.123.8
96,Bobbie,Logie,blogie2n@forbes.com,Female,74.87.165.42
97,Jerad,Bolduc,jbolduc2o@va.gov,Male,141.98.203.14
98,Nonah,O'Daly,nodaly2p@prweb.com,Female,75.91.248.7
99,Billye,Farrand,bfarrand2q@cnbc.com,Female,209.89.253.243
100,Steffi,Archambault,sarchambault2r@clickbank.net,Female,231.188.5.41
101,Sascha,Hamblyn,shamblyn2s@cnn.com,Female,142.107.128.71
102,Adriano,Porter,aporter2t@answers.com,Male,118.176.190.135
103,Dixie,Van Eeden,dvaneeden2u@reddit.com,Bigender,46.177.229.116
104,Marylin,Shrimptone,mshrimptone2v@squidoo.com,Female,61.7.12.226
105,Elsy,Dayborne,edayborne2w@goo.ne.jp,Polygender,217.36.161.165
106,Leena,Betje,lbetje2x@oracle.com,Female,12.27.246.185
107,Paddie,Paulson,ppaulson2y@about.com,Male,236.104.169.190
108,Vladamir,Zamora,vzamora2z@phoca.cz,Male,224.228.100.210
109,Maighdiln,Harrell,mharrell30@buzzfeed.com,Female,84.189.35.15
110,Granville,Warkup,gwarkup31@blogger.com,Male,255.218.246.105
111,Gayel,Dobbin,gdobbin32@independent.co.uk,Bigender,4.75.176.150
112,Judith,Hudson,jhudson33@fda.gov,Female,206.151.145.35
113,Stillmann,Shapcott,sshapcott34@tripod.com,Bigender,208.62.20.72
114,Addy,MacKegg,amackegg35@telegraph.co.uk,Male,142.37.250.59
115,Aretha,Deeson,adeeson36@independent.co.uk,Female,85.253.135.213
116,Mercedes,Lapre,mlapre37@google.com,Female,21.141.250.160
117,Arch,Clemoes,aclemoes38@shareasale.com,Male,76.83.38.168
118,Ninette,Whitewood,nwhitewood39@instagram.com,Female,18.30.160.102
119,Cordell,Hunstone,chunstone3a@ucoz.ru,Male,56.186.26.120
120,Catlaina,Gounel,cgounel3b@myspace.com,Female,238.204.125.231
121,Ruddy,Bremond,rbremond3c@dell.com,Male,96.29.245.178
122,Parke,Triplow,ptriplow3d@cafepress.com,Male,163.76.248.38
123,Nikos,Baison,nbaison3e@unicef.org,Genderfluid,253.171.91.107
124,Van,Carff,vcarff3f@shinystat.com,Female,251.116.64.73
125,Chiquita,Eouzan,ceouzan3g@123-reg.co.uk,Female,218.109.99.240
126,Carmine,Bartaletti,cbartaletti3h@geocities.com,Female,211.239.66.56
127,Cosette,Levins,clevins3i@stanford.edu,Female,169.159.61.48
128,Adams,Anlay,aanlay3j@joomla.org,Male,4.121.178.183
129,Orion,Gledstane,ogledstane3k@go.com,Male,92.220.40.167
130,Fleur,Perassi,fperassi3l@pagesperso-orange.fr,Female,46.102.164.40
131,Arman,Kornas,akornas3m@ask.com,Male,172.171.137.117
132,Merrill,Pick,mpick3n@youtube.com,Male,168.48.10.36
133,Gerek,Almon,galmon3o@flickr.com,Male,120.196.113.18
134,Phylis,Fairlie,pfairlie3p@taobao.com,Female,77.21.113.105
135,Veradis,Cakes,vcakes3q@skype.com,Female,116.187.156.69
136,Morry,Clancy,mclancy3r@goo.ne.jp,Male,76.46.197.176
137,Elita,Kybbye,ekybbye3s@craigslist.org,Female,151.255.47.179
138,Daniel,Pilmore,dpilmore3t@google.es,Male,214.234.248.200
139,Scott,McKmurrie,smckmurrie3u@taobao.com,Male,251.90.48.51
140,Warren,Pearmine,wpearmine3v@smugmug.com,Male,31.2.131.254
141,Tonnie,Alekseev,talekseev3w@quantcast.com,Bigender,5.193.221.148
142,Celestine,Nickoles,cnickoles3x@samsung.com,Bigender,204.154.71.76
143,Brigitte,Waistall,bwaistall3y@canalblog.com,Female,151.151.251.51
144,Yule,Allot,yallot3z@forbes.com,Genderfluid,80.214.146.55
145,Karena,Innett,kinnett40@geocities.com,Female,76.28.1.177
146,Charlton,Lavrinov,clavrinov41@unicef.org,Male,239.222.245.202
147,Ring,Manz,rmanz42@prlog.org,Male,244.102.168.104
148,Kathryne,Bankes,kbankes43@patch.com,Female,198.155.71.115
149,Virgil,Doerren,vdoerren44@usa.gov,Male,244.237.85.181
150,Doti,Juett,djuett45@goo.gl,Female,102.233.101.7
151,Cynthie,Mickan,cmickan46@google.co.jp,Female,81.188.95.78
152,Marshal,Koppe,mkoppe47@prnewswire.com,Male,231.176.106.125
153,Lucio,Halling,lhalling48@comsenz.com,Male,93.122.82.243
154,Emerson,Gibbins,egibbins49@linkedin.com,Bigender,191.58.184.220
155,Denis,Quickenden,dquickenden4a@wisc.edu,Male,46.94.57.239
156,Bari,Keningley,bkeningley4b@networksolutions.com,Agender,207.170.86.113
157,Alistair,Monger,amonger4c@ow.ly,Male,116.182.193.6
158,Batsheva,Pawellek,bpawellek4d@odnoklassniki.ru,Female,251.196.236.46
159,Angelique,Mancer,amancer4e@nationalgeographic.com,Female,143.252.184.213
160,Fulvia,Brownett,fbrownett4f@ihg.com,Female,174.14.185.234
161,Ingelbert,Menghi,imenghi4g@scribd.com,Male,11.6.208.193
162,Baryram,Stollsteimer,bstollsteimer4h@wsj.com,Male,12.124.122.213
163,Lisha,Bilbee,lbilbee4i@bigcartel.com,Female,76.239.29.174
164,Germayne,Di Frisco,gdifrisco4j@arstechnica.com,Genderqueer,56.89.2.108
165,Coralyn,O'Nions,conions4k@earthlink.net,Agender,96.38.91.15
166,Eldridge,Peaden,epeaden4l@simplemachines.org,Male,53.147.192.118
167,Bonnie,Joel,bjoel4m@hubpages.com,Female,117.197.247.194
168,Jacob,Wear,jwear4n@icio.us,Male,127.57.138.31
169,Freemon,Walkley,fwalkley4o@irs.gov,Male,46.156.122.192
170,Perceval,Prickett,pprickett4p@clickbank.net,Genderqueer,24.116.243.248
171,Halsy,Lowry,hlowry4q@booking.com,Male,213.143.192.59
172,Thorndike,Rosenkrantz,trosenkrantz4r@nature.com,Male,75.182.161.152
173,Corrie,McLeoid,cmcleoid4s@scribd.com,Female,70.229.29.8
174,Myer,Thorley,mthorley4t@nsw.gov.au,Male,10.164.96.26
175,Mile,Keme,mkeme4u@163.com,Male,108.215.107.98
176,Shanon,Quarles,squarles4v@squarespace.com,Female,0.125.186.240
177,Beatrice,Blowin,bblowin4w@histats.com,Female,2.46.63.147
178,Lyle,Labone,llabone4x@vimeo.com,Male,187.21.178.22
179,Dorree,Smethurst,dsmethurst4y@yellowpages.com,Female,109.95.55.144
180,Kassi,Sprull,ksprull4z@printfriendly.com,Female,247.54.134.225
181,Chariot,Blagdon,cblagdon50@xinhuanet.com,Male,60.181.108.2
182,Harriot,Swainsbury,hswainsbury51@miitbeian.gov.cn,Female,212.48.125.169
183,Euell,Hirsthouse,ehirsthouse52@indiegogo.com,Male,105.93.179.91
184,Henrie,Devers,hdevers53@cloudflare.com,Female,61.124.186.231
185,Trista,Ruppele,truppele54@comsenz.com,Female,125.144.190.186
186,Philippa,Dreinan,pdreinan55@naver.com,Female,38.46.178.138
187,Leonora,Zamora,lzamora56@tmall.com,Genderfluid,217.50.34.122
188,Douglass,MacWhan,dmacwhan57@mapquest.com,Male,168.85.227.38
189,Bertina,Dayment,bdayment58@economist.com,Female,75.247.124.136
190,Roderich,Gibbie,rgibbie59@google.ru,Male,67.119.184.1
191,Abeu,Calbaithe,acalbaithe5a@flavors.me,Male,31.82.239.105
192,Elora,Sturgess,esturgess5b@senate.gov,Polygender,79.142.80.118
193,Ferrell,Teodoro,fteodoro5c@statcounter.com,Male,211.170.186.168
194,Mateo,Siviour,msiviour5d@msn.com,Male,147.129.118.174
195,Analise,Scanterbury,ascanterbury5e@parallels.com,Female,245.86.187.219
196,Leonora,Musson,lmusson5f@twitpic.com,Genderqueer,239.224.236.60
197,Morgun,Cudd,mcudd5g@mapy.cz,Male,194.46.109.140
198,Nelie,Chrstine,nchrstine5h@facebook.com,Female,185.164.190.202
199,Dwain,Bolam,dbolam5i@state.tx.us,Male,19.169.245.95
200,Tripp,Petteford,tpetteford5j@reddit.com,Male,76.127.158.70
201,Thedric,Berns,tberns5k@arstechnica.com,Male,75.82.66.194
202,Susana,Leng,sleng5l@wordpress.org,Female,207.143.50.132
203,Rudie,Rosenberger,rrosenberger5m@rediff.com,Male,206.9.73.83
204,Darwin,Ivimy,divimy5n@webs.com,Male,47.18.89.18
205,Giulietta,Skilling,gskilling5o@blogtalkradio.com,Female,134.15.47.155
206,Rubie,Remirez,rremirez5p@homestead.com,Female,41.126.247.97
207,Egon,Runchman,erunchman5q@admin.ch,Male,116.74.167.189
208,Lida,Eccersley,leccersley5r@mapquest.com,Female,254.53.157.27
209,Maxy,Grutchfield,mgrutchfield5s@earthlink.net,Female,232.95.34.110
210,Yolane,Philbrook,yphilbrook5t@histats.com,Female,122.12.132.48
211,Reamonn,Bremond,rbremond5u@cnet.com,Male,55.83.57.109
212,Juieta,Cordoba,jcordoba5v@wix.com,Female,69.242.92.167
213,Bryana,Old,bold5w@typepad.com,Female,230.72.255.185
214,Rad,Frediani,rfrediani5x@reverbnation.com,Agender,238.47.231.132
215,Avigdor,Gunbie,agunbie5y@lulu.com,Genderqueer,97.98.52.205
216,Saundra,Works,sworks5z@elpais.com,Female,148.97.215.50
217,Celene,Augar,caugar60@devhub.com,Female,246.149.243.90
218,Kip,Meneur,kmeneur61@eventbrite.com,Female,6.33.9.91
219,Darren,Cutchie,dcutchie62@facebook.com,Male,112.235.126.239
220,Joann,Beddo,jbeddo63@typepad.com,Female,207.203.25.221
221,Lucine,Rainford,lrainford64@clickbank.net,Female,125.95.87.13
222,Elisabeth,Staneland,estaneland65@xrea.com,Female,89.237.134.3
223,Jarret,Greenlies,jgreenlies66@sciencedaily.com,Genderqueer,27.7.170.56
224,Deck,Kohrsen,dkohrsen67@adobe.com,Male,101.49.44.152
225,Georgie,Kenen,gkenen68@ucoz.ru,Female,14.7.79.201
226,Sigmund,Harnott,sharnott69@dropbox.com,Male,123.11.225.47
227,Andrei,Mattedi,amattedi6a@businessinsider.com,Female,110.59.160.143
228,Vickie,Leer,vleer6b@techcrunch.com,Female,26.75.97.27
229,Bendick,Heathfield,bheathfield6c@stanford.edu,Male,249.190.159.222
230,Grantley,Brimmicombe,gbrimmicombe6d@delicious.com,Male,65.153.209.242
231,Ephrayim,Nickell,enickell6e@w3.org,Male,165.235.146.7
232,Rodrique,Advani,radvani6f@people.com.cn,Male,2.241.109.177
233,Joseph,Edsall,jedsall6g@ezinearticles.com,Male,99.72.108.137
234,Ambros,Assiratti,aassiratti6h@godaddy.com,Male,248.130.191.5
235,Neall,MacIntosh,nmacintosh6i@issuu.com,Male,94.81.124.139
236,Lilllie,Gozard,lgozard6j@illinois.edu,Female,129.153.61.178
237,Claudianus,Shovel,cshovel6k@e-recht24.de,Male,50.103.22.197
238,Moselle,Adderley,madderley6l@craigslist.org,Female,72.28.152.250
239,Kathlin,Guerrazzi,kguerrazzi6m@sphinn.com,Female,205.175.160.81
240,Mireielle,Songest,msongest6n@joomla.org,Female,62.204.139.69
241,Udale,McClune,umcclune6o@infoseek.co.jp,Male,6.158.102.58
242,Uriah,Mangeney,umangeney6p@cafepress.com,Male,248.5.124.149
243,Mar,Jaze,mjaze6q@ning.com,Male,162.245.216.119
244,Amitie,Enden,aenden6r@google.com,Female,51.99.55.50
245,Emylee,Kimbrey,ekimbrey6s@mlb.com,Female,52.96.146.91
246,Giordano,Hazael,ghazael6t@exblog.jp,Male,43.48.176.4
247,Herta,Voisey,hvoisey6u@smh.com.au,Female,197.110.230.207
248,Tiphani,Pedler,tpedler6v@nifty.com,Female,35.93.58.48
249,Agnes,Bedder,abedder6w@wiley.com,Female,122.89.84.166
250,Cynthea,Kording,ckording6x@ucoz.com,Female,140.240.201.96
251,Lorin,Guidelli,lguidelli6y@alibaba.com,Male,195.243.11.239
252,Con,Bransgrove,cbransgrove6z@xinhuanet.com,Female,121.154.156.59
253,Lindy,Alekseev,lalekseev70@jalbum.net,Female,203.90.25.37
254,Jabez,Whitney,jwhitney71@chron.com,Male,133.222.184.114
255,Marjory,Noyce,mnoyce72@w3.org,Female,99.53.253.76
256,Borden,Godfree,bgodfree73@ocn.ne.jp,Male,40.233.208.144
257,Prisca,Tortoishell,ptortoishell74@pen.io,Female,6.61.224.218
258,Iggie,Paniman,ipaniman75@elpais.com,Male,133.29.20.223
259,Stephie,Lead,slead76@tiny.cc,Female,120.90.9.37
260,Saunders,Giacometti,sgiacometti77@g.co,Male,130.141.118.251
261,Morissa,Woodberry,mwoodberry78@qq.com,Female,225.20.230.155
262,Michel,Braiden,mbraiden79@typepad.com,Genderqueer,52.49.149.54
263,Aland,Ledbetter,aledbetter7a@cdc.gov,Male,200.187.36.162
264,Paige,Jeves,pjeves7b@paypal.com,Female,216.199.88.239
265,Flynn,Indgs,findgs7c@google.com.au,Male,115.179.234.127
266,Caron,Goby,cgoby7d@wiley.com,Female,99.58.82.170
267,Monica,Tuite,mtuite7e@yellowbook.com,Female,247.177.202.251
268,Ardith,Pothbury,apothbury7f@nifty.com,Female,9.189.78.23
269,Carlo,Bramhall,cbramhall7g@gravatar.com,Genderfluid,128.184.91.11
270,Wadsworth,Beak,wbeak7h@altervista.org,Male,125.250.6.13
271,Sonnie,Gerry,sgerry7i@cyberchimps.com,Male,142.239.185.13
272,Augustina,Bulward,abulward7j@symantec.com,Female,56.86.120.197
273,Ned,Tribble,ntribble7k@rediff.com,Male,71.62.78.77
274,Bertie,Aimeric,baimeric7l@mit.edu,Male,123.143.112.252
275,Efrem,Testin,etestin7m@utexas.edu,Male,201.151.17.191
276,Lesley,Clausewitz,lclausewitz7n@huffingtonpost.com,Male,163.99.204.129
277,Gauthier,Yeell,gyeell7o@vimeo.com,Male,124.11.183.133
278,Nolan,Egell,negell7p@hugedomains.com,Male,111.173.192.216
279,Vivyan,Lamburne,vlamburne7q@1und1.de,Female,8.191.223.170
280,Fifine,Ayris,fayris7r@wordpress.org,Female,230.38.234.51
281,Obed,Panchen,opanchen7s@eventbrite.com,Male,36.211.223.5
282,Ricoriki,Darrigrand,rdarrigrand7t@google.co.jp,Male,141.6.192.231
283,Thornie,Cheltnam,tcheltnam7u@rediff.com,Male,245.119.222.195
284,Melamie,Rolland,mrolland7v@oakley.com,Female,219.53.30.27
285,Tris,Largent,tlargent7w@twitter.com,Male,89.72.135.101
286,Christie,Seaward,cseaward7x@goodreads.com,Male,92.168.28.170
287,Nertie,Patient,npatient7y@army.mil,Female,244.22.164.144
288,Julie,Hallbord,jhallbord7z@weibo.com,Female,221.152.232.11
289,Delly,Willstrop,dwillstrop80@jalbum.net,Female,6.147.149.231
290,Joni,Hamlett,jhamlett81@bravesites.com,Female,149.161.235.149
291,Dulcy,Stower,dstower82@ucoz.com,Female,72.243.7.220
292,Burnard,Lefwich,blefwich83@cpanel.net,Male,49.129.70.63
293,Brittaney,Goldby,bgoldby84@biblegateway.com,Bigender,143.62.251.147
294,Jodie,McWaters,jmcwaters85@virginia.edu,Female,55.210.213.70
295,Delaney,Mahaddy,dmahaddy86@ft.com,Male,129.41.201.238
296,Free,Humbert,fhumbert87@redcross.org,Male,98.235.99.138
297,Finlay,Zorzenoni,fzorzenoni88@theguardian.com,Male,1.174.28.127
298,Lilas,D'Antuoni,ldantuoni89@cloudflare.com,Female,247.44.151.208
299,Leopold,Barten,lbarten8a@google.it,Bigender,55.227.95.95
300,Erv,Peel,epeel8b@histats.com,Male,235.132.102.88
301,Ginger,Berzin,gberzin8c@npr.org,Female,59.118.196.96
302,Ardisj,Grout,agrout8d@ifeng.com,Polygender,66.93.61.140
303,Booth,Vala,bvala8e@google.it,Male,239.66.198.4
304,Osbourne,Clew,oclew8f@blog.com,Male,172.228.72.48
305,Thayne,Bondar,tbondar8g@yandex.ru,Male,233.249.55.156
306,Luciano,Dodding,ldodding8h@about.me,Male,190.184.59.12
307,Callida,Astell,castell8i@nature.com,Female,183.166.78.160
308,Cathrine,Cervantes,ccervantes8j@phpbb.com,Female,11.18.213.4
309,Hamnet,Reinhardt,hreinhardt8k@multiply.com,Male,212.214.97.206
310,Cynde,Offer,coffer8l@google.it,Female,2.143.227.145
311,Barbara-anne,Purton,bpurton8m@vk.com,Female,203.112.149.7
312,Mollee,Worswick,mworswick8n@hubpages.com,Female,170.207.13.39
313,Christa,Dumingos,cdumingos8o@harvard.edu,Female,109.19.59.17
314,Cristobal,Hammant,chammant8p@thetimes.co.uk,Male,177.99.252.178
315,Babbie,Whayman,bwhayman8q@bing.com,Female,122.161.241.40
316,Phillipp,Gonoude,pgonoude8r@google.de,Male,36.163.154.186
317,Charmane,Duke,cduke8s@pcworld.com,Female,73.125.78.74
318,May,Ravenshaw,mravenshaw8t@wufoo.com,Female,197.204.199.39
319,Ernestine,De Matteis,edematteis8u@myspace.com,Female,24.169.92.181
320,Arabele,Ormston,aormston8v@shutterfly.com,Female,41.188.220.3
321,Raymond,Sharpous,rsharpous8w@linkedin.com,Non-binary,154.149.71.13
322,Pennie,Bowmer,pbowmer8x@vkontakte.ru,Male,176.233.70.113
323,Conni,Mityushkin,cmityushkin8y@google.ca,Female,13.13.94.2
324,Chadd,Zarfat,czarfat8z@wikispaces.com,Male,50.101.135.65
325,Emlynn,Melendez,emelendez90@google.nl,Female,80.211.126.222
326,Durand,Hammill,dhammill91@ca.gov,Male,100.220.246.11
327,Mark,Beet,mbeet92@godaddy.com,Male,155.158.191.6
328,Robers,Cleary,rcleary93@mapy.cz,Male,172.155.30.232
329,Earlie,Kunzelmann,ekunzelmann94@psu.edu,Male,227.2.2.91
330,Sybyl,Phonix,sphonix95@opensource.org,Female,129.56.238.73
331,Matias,Jenicek,mjenicek96@arstechnica.com,Male,98.62.106.92
332,Patti,Higginbottam,phigginbottam97@tinypic.com,Female,198.24.235.124
333,Asia,Braisher,abraisher98@berkeley.edu,Female,170.60.229.72
334,Merrielle,Hansed,mhansed99@timesonline.co.uk,Genderfluid,45.190.102.163
335,Ephrem,Depport,edepport9a@wired.com,Male,137.214.67.254
336,Erminie,Darth,edarth9b@rakuten.co.jp,Female,217.29.56.203
337,Shamus,Coan,scoan9c@narod.ru,Male,138.179.17.51
338,Elias,Burtwell,eburtwell9d@goo.gl,Agender,174.135.127.87
339,Saxe,Eick,seick9e@xrea.com,Male,10.154.145.130
340,Allison,Knok,aknok9f@blogtalkradio.com,Female,154.0.114.200
341,Chariot,Denisot,cdenisot9g@1und1.de,Male,216.60.6.91
342,Benita,Lant,blant9h@google.es,Female,84.34.214.96
343,Marillin,Tapsell,mtapsell9i@si.edu,Female,41.46.181.86
344,Nicolette,Bruyett,nbruyett9j@csmonitor.com,Female,158.178.90.5
345,Mufinella,Burkhill,mburkhill9k@angelfire.com,Female,245.69.17.68
346,Latisha,Bezley,lbezley9l@elpais.com,Female,167.249.62.35
347,Rozalin,Swanne,rswanne9m@jiathis.com,Female,81.75.10.109
348,Arel,Klaaassen,aklaaassen9n@sun.com,Male,230.96.127.192
349,Marja,Curman,mcurman9o@nyu.edu,Female,243.118.97.86
350,Barth,Muslim,bmuslim9p@histats.com,Male,102.39.173.15
351,Farica,Quinney,fquinney9q@mlb.com,Female,163.73.182.145
352,Brittne,Stears,bstears9r@kickstarter.com,Female,44.187.195.93
353,Emlyn,Flaherty,eflaherty9s@ucsd.edu,Male,43.209.219.131
354,Kimberly,Kornousek,kkornousek9t@hibu.com,Female,201.198.112.22
355,Emogene,Redsall,eredsall9u@wisc.edu,Female,234.141.88.255
356,Roch,Bestwick,rbestwick9v@hud.gov,Female,31.160.33.62
357,Simon,Sein,ssein9w@github.com,Male,63.127.182.173
358,Franklin,Dat,fdat9x@ftc.gov,Male,122.117.95.233
359,Valle,Goulborne,vgoulborne9y@rambler.ru,Male,126.11.247.23
360,Jock,MacLeese,jmacleese9z@altervista.org,Male,21.227.26.0
361,Marjory,Dunsmuir,mdunsmuira0@marriott.com,Female,25.105.251.52
362,Fair,Llewellen,fllewellena1@ameblo.jp,Male,100.230.106.80
363,Mic,Northill,mnorthilla2@mail.ru,Male,195.251.134.98
364,Dwayne,Reimer,dreimera3@engadget.com,Male,118.172.146.79
365,Ken,Wais,kwaisa4@spotify.com,Bigender,241.124.163.197
366,Deanne,Ingleton,dingletona5@unicef.org,Female,18.98.18.92
367,Devan,Innocenti,dinnocentia6@cdbaby.com,Bigender,222.158.174.249
368,Bearnard,Perford,bperforda7@newsvine.com,Male,128.219.118.251
369,Mattheus,Kensy,mkensya8@lulu.com,Male,114.214.206.42
370,Barnett,Sturdy,bsturdya9@tripadvisor.com,Male,229.116.94.1
371,Reinhold,Keirle,rkeirleaa@bbb.org,Male,191.25.59.184
372,Artemas,Earey,aeareyab@sakura.ne.jp,Non-binary,127.231.81.61
373,Olivero,Kleine,okleineac@nba.com,Male,114.94.180.218
374,Margareta,Quarry,mquarryad@nasa.gov,Female,180.188.106.146
375,Mariel,Bax,mbaxae@over-blog.com,Female,198.93.64.204
376,Geri,Benzing,gbenzingaf@slideshare.net,Male,42.133.213.201
377,Kenon,Healey,khealeyag@indiatimes.com,Male,249.243.101.151
378,Dillon,Tinman,dtinmanah@wunderground.com,Male,221.33.8.125
379,Meara,Coltart,mcoltartai@macromedia.com,Female,67.117.117.217
380,Kaiser,Raywood,kraywoodaj@macromedia.com,Male,95.246.250.130
381,Ambrose,Perago,aperagoak@virginia.edu,Male,24.213.67.221
382,Madelyn,Acedo,macedoal@cbslocal.com,Female,163.204.129.44
383,Ruth,Checchetelli,rchecchetelliam@shinystat.com,Female,124.52.181.150
384,Josee,Lampens,jlampensan@netlog.com,Genderqueer,234.55.123.71
385,Hastie,Jeduch,hjeduchao@senate.gov,Male,122.111.144.149
386,Hailey,Arnoud,harnoudap@mac.com,Male,101.166.147.213
387,Effie,Welfair,ewelfairaq@nymag.com,Female,53.113.113.177
388,Linnea,Bennough,lbennoughar@indiegogo.com,Female,235.174.102.19
389,Grannie,Hamor,ghamoras@about.me,Male,169.173.209.83
390,Ches,Schneider,cschneiderat@nba.com,Male,130.22.38.231
391,Robbyn,Koba,rkobaau@yahoo.co.jp,Female,214.141.107.56
392,Johanna,Portail,jportailav@artisteer.com,Female,164.114.130.206
393,Claudian,Glowach,cglowachaw@nbcnews.com,Male,247.129.6.116
394,Laughton,Kellar,lkellarax@geocities.com,Male,205.93.152.121
395,Gregoire,Cooke,gcookeay@simplemachines.org,Male,121.124.118.0
396,Nikos,Radcliffe,nradcliffeaz@princeton.edu,Polygender,82.145.56.122
397,Hadley,Rosingdall,hrosingdallb0@slashdot.org,Male,86.44.0.57
398,Rochella,Becerra,rbecerrab1@last.fm,Female,216.111.49.235
399,Nannie,Vannikov,nvannikovb2@miibeian.gov.cn,Female,106.186.151.14
400,Andria,Byard,abyardb3@mozilla.org,Female,45.81.125.76
401,Ianthe,Baumert,ibaumertb4@behance.net,Female,206.27.15.154
402,Reta,Avrasin,ravrasinb5@canalblog.com,Female,9.181.236.124
403,Dewie,De Wolfe,ddewolfeb6@fda.gov,Male,180.147.152.74
404,Clem,Buzzing,cbuzzingb7@simplemachines.org,Male,80.43.68.88
405,Norbert,Santi,nsantib8@wikia.com,Non-binary,240.0.227.105
406,Helli,Postance,hpostanceb9@artisteer.com,Female,93.148.51.90
407,Galven,Hopkynson,ghopkynsonba@bbc.co.uk,Male,219.160.124.0
408,Lou,Arnell,larnellbb@pinterest.com,Male,172.42.186.248
409,Gregorius,Smidmore,gsmidmorebc@phoca.cz,Male,116.163.217.131
410,Hobey,Beche,hbechebd@youtube.com,Male,181.198.36.121
411,Darius,Ansteys,dansteysbe@berkeley.edu,Male,59.73.95.181
412,Ardith,Blease,ableasebf@so-net.ne.jp,Bigender,234.64.113.79
413,Lura,Rump,lrumpbg@timesonline.co.uk,Female,45.93.95.127
414,Myrle,Lailey,mlaileybh@jiathis.com,Female,119.131.83.67
415,Huntley,Fenn,hfennbi@arizona.edu,Male,154.135.133.24
416,Denyse,Dogg,ddoggbj@google.ru,Bigender,251.194.107.208
417,Titos,Lorent,tlorentbk@hatena.ne.jp,Male,92.129.3.169
418,Richmound,Elderkin,relderkinbl@networkadvertising.org,Male,95.107.2.107
419,Pierce,Ternent,pternentbm@is.gd,Male,131.93.148.39
420,Frankie,Newell,fnewellbn@gnu.org,Male,81.17.51.115
421,Moise,Caddies,mcaddiesbo@google.com.br,Genderfluid,187.255.51.46
422,Bibby,Holley,bholleybp@mtv.com,Female,222.225.7.112
423,Carmel,Winslet,cwinsletbq@tuttocitta.it,Female,71.46.180.79
424,Maria,Treadgold,mtreadgoldbr@stumbleupon.com,Female,179.208.31.123
425,Alard,Benettolo,abenettolobs@youtube.com,Male,197.157.77.59
426,Marlowe,Berzins,mberzinsbt@prweb.com,Male,138.248.106.99
427,Bobbye,Czapla,bczaplabu@samsung.com,Female,105.124.104.242
428,Blanch,Cowans,bcowansbv@scientificamerican.com,Polygender,154.165.3.159
429,Andras,Youtead,ayouteadbw@vinaora.com,Male,249.226.215.12
430,Linnea,Larkkem,llarkkembx@businesswire.com,Female,249.5.83.47
431,Hillard,Vinton,hvintonby@amazon.de,Male,120.31.99.186
432,Christoffer,MacQuaker,cmacquakerbz@google.pl,Male,129.250.62.240
433,Skippie,Peterson,spetersonc0@nydailynews.com,Male,27.229.67.75
434,Evangelia,Fieldhouse,efieldhousec1@desdev.cn,Female,54.246.238.226
435,Marleen,Hale,mhalec2@state.gov,Female,88.57.3.117
436,Dorey,Borgars,dborgarsc3@cpanel.net,Female,138.7.212.101
437,Anna,Martynov,amartynovc4@ycombinator.com,Genderfluid,205.169.78.125
438,Bettina,McCurt,bmccurtc5@1688.com,Female,159.135.76.210
439,Shurwood,Stitfall,sstitfallc6@barnesandnoble.com,Male,238.41.169.238
440,Edik,Gowrich,egowrichc7@umich.edu,Male,84.119.168.160
441,Vite,Cockshot,vcockshotc8@yahoo.com,Male,233.114.172.248
442,Tait,Normand,tnormandc9@google.com.au,Male,62.96.88.121
443,Lou,Hessel,lhesselca@intel.com,Male,96.91.197.44
444,Arley,Cotgrove,acotgrovecb@ustream.tv,Male,254.175.35.26
445,Hedvig,Rasher,hrashercc@bloomberg.com,Genderfluid,139.81.2.232
446,Kordula,Cassell,kcassellcd@businessweek.com,Female,88.217.163.190
447,Blakelee,Cornforth,bcornforthce@berkeley.edu,Female,3.232.80.95
448,Lacey,Hayles,lhaylescf@springer.com,Female,183.136.219.180
449,Dorie,Hawksworth,dhawksworthcg@e-recht24.de,Female,206.67.226.93
450,Mariam,Siret,msiretch@de.vu,Female,67.239.107.130
451,Josie,Vossgen,jvossgenci@newsvine.com,Female,229.150.215.128
452,Alfonso,Diggons,adiggonscj@admin.ch,Male,6.231.157.148
453,Gillan,Emberton,gembertonck@etsy.com,Polygender,144.56.106.206
454,Talya,Keough,tkeoughcl@usnews.com,Female,58.255.111.141
455,Markos,Livett,mlivettcm@chronoengine.com,Male,119.143.86.59
456,Mauricio,Belle,mbellecn@usa.gov,Male,10.101.57.94
457,Raddie,Rusling,rruslingco@flickr.com,Male,24.55.149.246
458,Lind,Whilder,lwhildercp@comsenz.com,Female,58.197.161.0
459,Lyon,Jelk,ljelkcq@noaa.gov,Male,209.109.182.146
460,Marsh,Caddens,mcaddenscr@nhs.uk,Male,150.79.227.27
461,Alethea,Beaushaw,abeaushawcs@tamu.edu,Female,176.6.8.6
462,Maible,Wones,mwonesct@mac.com,Female,0.113.78.54
463,Alexandr,Hayer,ahayercu@gnu.org,Male,244.186.105.192
464,Beverly,Hinchon,bhinchoncv@slashdot.org,Female,4.0.128.197
465,Gilligan,Hurley,ghurleycw@eepurl.com,Female,241.33.155.28
466,Nixie,Lillecrop,nlillecropcx@illinois.edu,Non-binary,25.219.17.64
467,Lamont,Skivington,lskivingtoncy@sogou.com,Male,183.176.54.163
468,Lillis,Euston,leustoncz@weebly.com,Female,187.220.15.219
469,Shermy,Piddock,spiddockd0@slate.com,Male,14.106.91.93
470,Berthe,Ortzen,bortzend1@rediff.com,Female,175.208.63.111
471,Ari,Kuhwald,akuhwaldd2@mac.com,Male,99.251.249.214
472,Jobey,Lohden,jlohdend3@wordpress.org,Female,152.25.60.46
473,Reinhard,Vollam,rvollamd4@cnn.com,Male,204.31.121.247
474,Karl,Meeke,kmeeked5@oracle.com,Male,67.141.43.181
475,Brok,Yokel,byokeld6@ebay.com,Male,79.217.72.233
476,Maximilien,Klambt,mklambtd7@blogs.com,Male,198.124.37.73
477,Chanda,Buttfield,cbuttfieldd8@merriam-webster.com,Female,198.216.73.254
478,Maisey,Rachuig,mrachuigd9@webs.com,Female,192.219.226.179
479,Kevina,Miskimmon,kmiskimmonda@archive.org,Female,186.82.147.114
480,Robert,Franssen,rfranssendb@angelfire.com,Male,236.85.102.172
481,Sula,Drewery,sdrewerydc@macromedia.com,Female,34.177.101.207
482,Laura,Shitliff,lshitliffdd@state.gov,Female,73.81.83.157
483,Karlis,De Caville,kdecavillede@ameblo.jp,Male,1.183.35.65
484,Rosalinda,Pibworth,rpibworthdf@360.cn,Female,117.109.83.131
485,Gerry,Feek,gfeekdg@cdbaby.com,Female,246.27.228.253
486,Toni,Lynthal,tlynthaldh@google.fr,Female,252.120.10.51
487,Farris,Poynor,fpoynordi@linkedin.com,Male,217.159.248.142
488,Rafe,Dorrance,rdorrancedj@seattletimes.com,Male,44.244.219.196
489,Austin,Cayzer,acayzerdk@msu.edu,Male,206.208.76.168
490,Anitra,Porter,aporterdl@cnbc.com,Female,224.162.75.147
491,Haleigh,Kornyakov,hkornyakovdm@sun.com,Non-binary,40.251.208.79
492,Ky,McMillian,kmcmilliandn@hexun.com,Male,224.100.20.72
493,Linet,Rothwell,lrothwelldo@who.int,Female,59.150.35.109
494,Joey,Bunce,jbuncedp@4shared.com,Female,101.240.17.35
495,Cheston,Basil,cbasildq@shinystat.com,Male,248.112.249.227
496,Parke,Bienvenu,pbienvenudr@alexa.com,Male,53.158.23.61
497,Colan,Montel,cmontelds@dailymotion.com,Male,48.45.25.27
498,Christophe,McComish,cmccomishdt@artisteer.com,Male,176.98.36.254
499,Delano,Leynham,dleynhamdu@businessweek.com,Male,212.228.118.87
500,Sigismondo,Reburn,sreburndv@diigo.com,Male,88.57.153.100
501,Goldi,Hebson,ghebsondw@ebay.co.uk,Female,92.204.228.194
502,Vidovic,Shields,vshieldsdx@foxnews.com,Male,225.139.35.139
503,Merwyn,Halbeard,mhalbearddy@weebly.com,Bigender,155.3.114.135
504,Genevieve,Barendtsen,gbarendtsendz@de.vu,Female,232.217.160.25
505,Rowney,Sadat,rsadate0@go.com,Male,156.83.79.208
506,Aldric,Sketchley,asketchleye1@woothemes.com,Male,248.80.227.112
507,Efrem,Yakubovich,eyakuboviche2@live.com,Male,51.199.18.183
508,Shina,Ord,sorde3@google.ru,Female,8.114.217.44
509,Roxi,Spohrmann,rspohrmanne4@goo.gl,Female,186.5.217.208
510,Faina,Duplock,fduplocke5@naver.com,Female,74.170.164.244
511,Hale,Penella,hpenellae6@stanford.edu,Male,1.95.38.116
512,Remus,Sture,rsturee7@addthis.com,Male,82.46.76.90
513,Vitoria,Betteson,vbettesone8@deliciousdays.com,Female,168.230.195.213
514,Devlen,Trawin,dtrawine9@usa.gov,Male,41.35.99.113
515,Dasya,Fenning,dfenningea@hibu.com,Female,236.5.46.207
516,Tommi,Ferries,tferrieseb@g.co,Female,234.91.7.85
517,Kyla,Ducker,kduckerec@yelp.com,Female,124.144.141.183
518,Bea,Revance,brevanceed@stumbleupon.com,Female,134.92.208.132
519,Corbie,Kenwyn,ckenwynee@creativecommons.org,Male,20.99.172.172
520,Steve,Sunshine,ssunshineef@goo.ne.jp,Male,145.69.185.92
521,Harley,Funcheon,hfuncheoneg@feedburner.com,Male,67.80.4.24
522,Katherine,Hargroves,khargroveseh@theguardian.com,Female,203.75.227.10
523,Marlane,Kuscha,mkuschaei@columbia.edu,Female,153.78.181.59
524,Benson,Sowley,bsowleyej@samsung.com,Male,146.124.153.151
525,Maure,MacCrackan,mmaccrackanek@cbc.ca,Female,61.29.95.241
526,Tan,Pryke,tprykeel@sakura.ne.jp,Male,134.255.121.158
527,Benji,McMurdo,bmcmurdoem@telegraph.co.uk,Male,50.93.230.75
528,Valentine,Gallone,vgalloneen@aboutads.info,Female,195.52.199.47
529,Heinrik,Martschke,hmartschkeeo@columbia.edu,Male,170.52.98.61
530,Hermy,Markham,hmarkhamep@purevolume.com,Male,5.101.78.112
531,Juana,Glasspool,jglasspooleq@umich.edu,Female,26.20.20.23
532,Costa,Tomaskov,ctomaskover@smh.com.au,Male,70.4.9.251
533,Ron,Grimsdyke,rgrimsdykees@example.com,Agender,213.147.213.30
534,Jerrylee,O' Mara,jomaraet@360.cn,Female,4.247.22.95
535,Adelice,Spira,aspiraeu@omniture.com,Female,168.230.101.62
536,Baryram,Szantho,bszanthoev@addthis.com,Male,252.57.35.229
537,Constantina,Cockaday,ccockadayew@seattletimes.com,Female,145.161.243.62
538,Jonas,Mottershaw,jmottershawex@qq.com,Male,42.87.116.176
539,Merill,Sacks,msacksey@flickr.com,Male,214.188.177.83
540,Drucill,Stollhofer,dstollhoferez@biglobe.ne.jp,Female,232.100.28.164
541,Orson,Carlson,ocarlsonf0@goodreads.com,Male,136.63.162.154
542,Nadean,Robun,nrobunf1@npr.org,Female,182.199.113.74
543,Jaime,Swancott,jswancottf2@theguardian.com,Male,217.138.68.22
544,Jesse,Stothert,jstothertf3@wix.com,Female,241.10.81.22
545,Vincenz,Holborn,vholbornf4@e-recht24.de,Male,104.187.238.35
546,Giralda,Riehm,griehmf5@nba.com,Agender,190.139.110.19
547,Simonne,Bourdel,sbourdelf6@gizmodo.com,Female,54.129.203.66
548,Geri,Dmitriev,gdmitrievf7@csmonitor.com,Male,201.30.209.88
549,Fredia,Pelos,fpelosf8@t-online.de,Female,14.197.238.74
550,Haven,Elven,helvenf9@prlog.org,Male,26.247.206.75
551,Margalo,Giacopetti,mgiacopettifa@soup.io,Female,38.185.175.42
552,Nomi,Flintuff,nflintufffb@digg.com,Female,154.216.215.65
553,Cherry,Ponnsett,cponnsettfc@list-manage.com,Female,235.213.142.98
554,Dena,Denzilow,ddenzilowfd@state.tx.us,Female,13.143.42.112
555,Hagan,Minmagh,hminmaghfe@google.co.jp,Male,4.102.229.184
556,Brittan,Kershaw,bkershawff@tripod.com,Female,142.64.85.220
557,Gideon,McIlreavy,gmcilreavyfg@ask.com,Male,13.79.170.171
558,Jedidiah,Franceschelli,jfranceschellifh@people.com.cn,Male,196.187.196.55
559,Pepe,Gait,pgaitfi@studiopress.com,Male,9.66.88.8
560,Bartholomew,Garlic,bgarlicfj@cdbaby.com,Male,197.28.15.148
561,Mariele,Flannigan,mflanniganfk@wix.com,Polygender,210.47.2.177
562,Xylia,Orteau,xorteaufl@histats.com,Female,67.40.185.87
563,Hadrian,Gowdie,hgowdiefm@ovh.net,Male,135.43.99.5
564,Arlette,Dorey,adoreyfn@jimdo.com,Agender,170.53.18.74
565,Porty,Guisby,pguisbyfo@youtube.com,Male,107.197.228.29
566,Clementina,Praton,cpratonfp@flavors.me,Female,222.159.185.205
567,Neall,Stivers,nstiversfq@yolasite.com,Male,103.131.11.248
568,Jarrad,Drains,jdrainsfr@weather.com,Male,48.243.59.104
569,Lucas,Fossitt,lfossittfs@fotki.com,Male,175.170.57.171
570,Alvin,De Zuani,adezuanift@spiegel.de,Male,86.254.238.14
571,Celinda,Treppas,ctreppasfu@simplemachines.org,Bigender,193.46.143.29
572,Wallis,Greenrodd,wgreenroddfv@sakura.ne.jp,Male,173.231.134.178
573,Sashenka,Aicken,saickenfw@trellian.com,Female,17.177.89.125
574,Clarance,Denslow,cdenslowfx@51.la,Male,160.201.153.234
575,Kristoforo,Scintsbury,kscintsburyfy@cdbaby.com,Polygender,87.150.123.154
576,Ursola,Maase,umaasefz@netlog.com,Female,100.137.51.178
577,Sammy,Rodger,srodgerg0@hugedomains.com,Female,202.203.36.237
578,Vladamir,Darnell,vdarnellg1@dailymail.co.uk,Male,230.78.241.78
579,Lewiss,Manuello,lmanuellog2@ifeng.com,Male,238.149.137.53
580,Moshe,Burgoine,mburgoineg3@sohu.com,Bigender,107.246.163.34
581,Darryl,Buckoke,dbuckokeg4@army.mil,Female,141.197.247.81
582,Shirleen,Muncie,smuncieg5@zimbio.com,Agender,66.155.229.191
583,Reynard,Blei,rbleig6@cpanel.net,Male,184.206.172.248
584,Montague,Jirus,mjirusg7@patch.com,Non-binary,118.91.215.65
585,Obediah,Rankcom,orankcomg8@hatena.ne.jp,Male,224.86.82.39
586,Tessy,Billett,tbillettg9@gmpg.org,Female,20.87.156.29
587,Tine,Pover,tpoverga@altervista.org,Female,144.46.14.153
588,Adair,Creeber,acreebergb@goo.ne.jp,Male,176.133.99.11
589,Daren,Demangeot,ddemangeotgc@usnews.com,Male,148.188.214.232
590,Jerrilyn,Eddisford,jeddisfordgd@mit.edu,Female,42.212.239.8
591,Sarina,Adrien,sadrienge@toplist.cz,Female,231.141.49.211
592,Lorrayne,Millimoe,lmillimoegf@joomla.org,Female,43.43.208.62
593,Nowell,Coudray,ncoudraygg@meetup.com,Male,110.243.223.250
594,Casey,Mixhel,cmixhelgh@yolasite.com,Male,28.80.176.8
595,Page,Thorrington,pthorringtongi@w3.org,Female,43.233.68.23
596,Evaleen,Geake,egeakegj@cyberchimps.com,Agender,83.45.49.153
597,Lester,Anthill,lanthillgk@arizona.edu,Male,235.105.0.171
598,Sashenka,Sibborn,ssibborngl@tiny.cc,Female,100.236.232.205
599,Peyton,Hinners,phinnersgm@exblog.jp,Male,31.223.198.157
600,Son,Haton,shatongn@plala.or.jp,Male,209.66.247.152
601,Sharity,Wasselin,swasselingo@lulu.com,Genderqueer,100.155.170.11
602,Frans,Curner,fcurnergp@t.co,Male,187.136.38.84
603,Shadow,Jiles,sjilesgq@bloomberg.com,Male,135.249.25.108
604,Padgett,Bleyman,pbleymangr@a8.net,Male,105.94.200.231
605,Salomo,Curnick,scurnickgs@google.com,Male,110.12.188.250
606,Edee,Kuhnke,ekuhnkegt@princeton.edu,Female,89.96.115.112
607,Rhonda,Brevetor,rbrevetorgu@nymag.com,Female,142.202.138.7
608,Quint,Samways,qsamwaysgv@comsenz.com,Male,132.112.129.160
609,Madonna,Booi,mbooigw@icq.com,Female,236.42.250.162
610,Eolande,Given,egivengx@istockphoto.com,Female,103.61.198.121
611,Leilah,Calfe,lcalfegy@google.co.uk,Agender,93.255.189.20
612,Ryon,Argo,rargogz@pinterest.com,Male,138.67.191.5
613,Coralie,Brandreth,cbrandrethh0@apple.com,Female,27.81.93.78
614,Scarlet,Teager,steagerh1@wordpress.com,Female,75.24.190.73
615,Evaleen,Thorbon,ethorbonh2@webeden.co.uk,Female,220.232.48.237
616,Hector,Giovannelli,hgiovannellih3@live.com,Male,94.155.146.46
617,Grantham,Courtonne,gcourtonneh4@vistaprint.com,Male,58.80.71.140
618,Marlee,Ditchfield,mditchfieldh5@com.com,Genderfluid,106.22.239.218
619,Merrel,Arnow,marnowh6@mit.edu,Male,108.28.57.220
620,Guendolen,Goward,ggowardh7@chicagotribune.com,Female,67.26.223.77
621,Byron,Rome,bromeh8@dropbox.com,Male,110.77.37.105
622,Luz,Zucker,lzuckerh9@unc.edu,Agender,162.86.159.14
623,Britni,Waliszewski,bwaliszewskiha@cnet.com,Female,49.184.93.146
624,Aliza,Goodram,agoodramhb@nymag.com,Genderqueer,48.40.125.255
625,Keefer,Cornau,kcornauhc@nationalgeographic.com,Male,151.147.156.15
626,Ramsay,Drabble,rdrabblehd@foxnews.com,Male,186.12.135.178
627,Jocelin,Sambiedge,jsambiedgehe@earthlink.net,Female,86.148.218.141
628,Skipp,Estoile,sestoilehf@admin.ch,Genderfluid,48.232.152.218
629,Barclay,Matejovsky,bmatejovskyhg@dyndns.org,Male,127.119.73.176
630,Maris,Hounsome,mhounsomehh@vinaora.com,Female,86.118.94.203
631,Kippy,Bowmaker,kbowmakerhi@cloudflare.com,Agender,101.20.17.214
632,Datha,Belch,dbelchhj@ucoz.ru,Genderqueer,14.182.98.107
633,Amandy,Real,arealhk@cdc.gov,Female,102.188.200.206
634,Worthington,Saladin,wsaladinhl@cocolog-nifty.com,Male,125.108.90.50
635,Queenie,Eymor,qeymorhm@hostgator.com,Female,5.49.133.15
636,Riobard,Kerfod,rkerfodhn@vinaora.com,Male,211.124.47.200
637,Gwenny,Enrrico,genrricoho@wikia.com,Female,167.180.229.0
638,Onfre,Routhorn,orouthornhp@example.com,Male,197.75.197.107
639,Gertrudis,Gimber,ggimberhq@census.gov,Female,242.127.247.100
640,Roz,Robardey,rrobardeyhr@usgs.gov,Female,177.65.140.245
641,Terri-jo,Reeves,treeveshs@vistaprint.com,Female,155.232.236.245
642,Guss,Exposito,gexpositoht@tripadvisor.com,Male,16.195.56.240
643,Aluin,Maudsley,amaudsleyhu@theguardian.com,Male,65.139.45.198
644,Kaiser,Sheerin,ksheerinhv@histats.com,Male,230.106.74.139
645,Xenos,Rediers,xrediershw@woothemes.com,Male,171.67.94.249
646,Perl,Gourdon,pgourdonhx@senate.gov,Female,204.65.69.113
647,Janette,Heale,jhealehy@hud.gov,Female,84.152.118.65
648,Will,Pimlott,wpimlotthz@bloglovin.com,Male,232.112.191.98
649,Audre,Beadell,abeadelli0@admin.ch,Female,134.217.148.170
650,Evelin,Humbie,ehumbiei1@ebay.com,Male,217.251.161.195
651,Dorena,Wolters,dwoltersi2@google.nl,Female,210.146.164.65
652,Selig,Wescott,swescotti3@prweb.com,Male,92.143.9.108
653,Danyelle,Fender,dfenderi4@uol.com.br,Female,142.122.132.156
654,Maynord,Crossan,mcrossani5@marriott.com,Male,71.101.63.38
655,Devland,Stearns,dstearnsi6@ucoz.ru,Male,75.2.58.38
656,Gusti,Ommundsen,gommundseni7@spiegel.de,Female,39.201.73.159
657,Samson,Pooke,spookei8@slideshare.net,Male,191.63.13.79
658,Grange,Fayerman,gfayermani9@virginia.edu,Male,92.84.200.40
659,Ellen,Downing,edowningia@soup.io,Female,96.164.151.100
660,Lockwood,Goodsall,lgoodsallib@bloglovin.com,Male,167.190.254.200
661,Byram,Shiril,bshirilic@canalblog.com,Male,10.32.98.89
662,Town,Breede,tbreedeid@last.fm,Male,0.71.214.47
663,Prentice,Birchenough,pbirchenoughie@ucla.edu,Male,112.197.128.105
664,Abelard,Puddefoot,apuddefootif@abc.net.au,Male,86.112.164.57
665,Maddy,Tembridge,mtembridgeig@hubpages.com,Female,46.147.199.106
666,Osmond,Pearce,opearceih@wired.com,Male,147.127.212.24
667,Dani,Laval,dlavalii@arstechnica.com,Female,120.13.50.116
668,Levi,Abramow,labramowij@opera.com,Male,239.241.16.123
669,Marice,Killigrew,mkilligrewik@tmall.com,Female,194.197.229.249
670,Wade,Teasdale-Markie,wteasdalemarkieil@yellowbook.com,Male,184.41.216.79
671,Cherri,Bewley,cbewleyim@flickr.com,Female,17.182.46.110
672,Edita,Orry,eorryin@sakura.ne.jp,Female,190.65.126.184
673,Jacklin,Pavlenko,jpavlenkoio@answers.com,Female,63.35.146.47
674,Roch,O' Ronan,roronanip@tripadvisor.com,Female,33.23.212.135
675,Odell,Nuttey,onutteyiq@g.co,Male,33.106.3.117
676,Milzie,Lowdeane,mlowdeaneir@yelp.com,Female,21.146.238.20
677,Matty,Sauniere,msauniereis@nytimes.com,Non-binary,228.87.149.85
678,Allene,Iredell,airedellit@behance.net,Female,210.144.143.157
679,Ferdinanda,Geoghegan,fgeogheganiu@example.com,Female,16.105.88.96
680,Veronika,Domelaw,vdomelawiv@com.com,Female,133.226.212.85
681,Rex,Skoughman,rskoughmaniw@yale.edu,Male,20.85.221.115
682,Malanie,Balmer,mbalmerix@i2i.jp,Female,67.156.72.27
683,Willie,Pietzke,wpietzkeiy@smh.com.au,Male,109.191.90.15
684,Tandi,Gabbidon,tgabbidoniz@nyu.edu,Female,179.141.99.136
685,Jemima,Raund,jraundj0@intel.com,Female,94.154.11.89
686,Eli,McDunlevy,emcdunlevyj1@netlog.com,Male,39.72.109.71
687,Lotti,Ianetti,lianettij2@hp.com,Female,131.53.24.204
688,Tamarra,Calam,tcalamj3@businessweek.com,Female,164.24.197.87
689,Mark,Barrack,mbarrackj4@facebook.com,Male,25.237.167.203
690,Paco,Grocutt,pgrocuttj5@ox.ac.uk,Male,146.225.29.25
691,Ileane,Clorley,iclorleyj6@cpanel.net,Female,171.107.111.202
692,Saxon,McLagain,smclagainj7@mysql.com,Male,187.40.235.41
693,Christabel,Crannage,ccrannagej8@opensource.org,Female,217.49.60.56
694,Paquito,Ellar,pellarj9@reuters.com,Male,167.92.155.129
695,Pincus,McKoy,pmckoyja@angelfire.com,Male,193.59.114.6
696,Guido,Calderonello,gcalderonellojb@yolasite.com,Male,67.29.8.66
697,Roxanna,Cowl,rcowljc@photobucket.com,Female,50.193.9.158
698,Malia,St Clair,mstclairjd@163.com,Female,70.66.76.170
699,Jakob,Follen,jfollenje@mediafire.com,Male,248.109.82.85
700,Mathias,Tomczykiewicz,mtomczykiewiczjf@eventbrite.com,Male,123.84.237.101
701,Rafaelita,Copperwaite,rcopperwaitejg@marketwatch.com,Female,15.21.56.36
702,Jacenta,Naseby,jnasebyjh@delicious.com,Female,129.120.93.211
703,Morten,Espadate,mespadateji@smh.com.au,Male,156.54.10.49
704,Alford,Harpham,aharphamjj@cisco.com,Male,183.154.159.96
705,Guglielma,Ives,givesjk@geocities.jp,Female,54.74.81.113
706,Boonie,Maunder,bmaunderjl@dailymail.co.uk,Male,172.159.45.0
707,Daisi,Neasham,dneashamjm@forbes.com,Female,187.14.207.79
708,Jeremie,Sample,jsamplejn@technorati.com,Male,137.122.179.246
709,Dominica,Makiver,dmakiverjo@ed.gov,Female,156.20.69.156
710,Aretha,Titterton,atittertonjp@behance.net,Female,111.52.248.168
711,Luce,Brimble,lbrimblejq@histats.com,Male,18.226.128.92
712,Fernanda,Greder,fgrederjr@cdbaby.com,Female,187.23.225.210
713,Etty,Paschek,epaschekjs@hp.com,Female,4.204.45.154
714,Dyanne,Partrick,dpartrickjt@google.ru,Female,77.145.39.56
715,Wendye,Form,wformju@opensource.org,Female,42.100.163.167
716,Crissy,Dorbin,cdorbinjv@cocolog-nifty.com,Female,34.94.220.245
717,Cordula,Anstiss,canstissjw@geocities.com,Female,123.145.47.88
718,Casey,Drinkale,cdrinkalejx@hao123.com,Female,234.65.216.14
719,Dicky,Lessmare,dlessmarejy@globo.com,Male,129.102.238.118
720,Layney,Branford,lbranfordjz@free.fr,Non-binary,118.214.108.81
721,Madelle,Stodhart,mstodhartk0@weebly.com,Female,247.94.186.253
722,Krystyna,Hillan,khillank1@jugem.jp,Female,99.155.113.254
723,Terrance,Redpath,tredpathk2@yahoo.co.jp,Male,67.229.63.178
724,Eduardo,Potteridge,epotteridgek3@oaic.gov.au,Male,73.151.63.9
725,Saundra,Houchin,shouchink4@cafepress.com,Female,250.93.232.207
726,Fredelia,Muir,fmuirk5@scientificamerican.com,Female,113.147.95.101
727,Cristionna,Bellchamber,cbellchamberk6@webs.com,Female,53.156.114.58
728,Bekki,Sparry,bsparryk7@friendfeed.com,Female,102.129.1.6
729,Jamaal,Sherlock,jsherlockk8@networkadvertising.org,Male,107.214.34.145
730,Pansie,Cometson,pcometsonk9@twitpic.com,Female,156.103.156.182
731,Dyanne,Dimsdale,ddimsdaleka@amazonaws.com,Non-binary,173.162.113.33
732,Jannel,Spriggs,jspriggskb@odnoklassniki.ru,Female,8.7.179.37
733,Michaelina,Cowthart,mcowthartkc@gmpg.org,Female,154.24.160.221
734,Alvy,Brotherhed,abrotherhedkd@merriam-webster.com,Male,86.136.124.142
735,Skyler,Gibling,sgiblingke@hp.com,Agender,167.235.134.183
736,Delly,Sprowell,dsprowellkf@hc360.com,Female,188.156.187.101
737,Milt,Ballinger,mballingerkg@springer.com,Male,193.95.98.21
738,Brigitte,Yashin,byashinkh@dyndns.org,Female,30.52.173.18
739,Stefa,Spelwood,sspelwoodki@themeforest.net,Female,6.155.81.42
740,Griffie,Wesson,gwessonkj@printfriendly.com,Male,158.64.128.31
741,Noe,Toffetto,ntoffettokk@t-online.de,Non-binary,240.163.91.120
742,Winn,Fippe,wfippekl@house.gov,Male,120.165.46.192
743,Janey,Matfin,jmatfinkm@slashdot.org,Female,98.25.157.249
744,Jacquie,Mutter,jmutterkn@surveymonkey.com,Female,20.62.48.229
745,Teodorico,Rosebotham,trosebothamko@squarespace.com,Male,229.178.160.195
746,Arlina,MacKellen,amackellenkp@rakuten.co.jp,Female,49.247.9.108
747,Ewen,De Bernardi,edebernardikq@wp.com,Male,37.103.95.207
748,Sandie,Fairchild,sfairchildkr@boston.com,Bigender,197.213.172.223
749,Robby,Barnhill,rbarnhillks@addtoany.com,Non-binary,2.218.138.247
750,Lauree,Ierland,lierlandkt@wired.com,Female,89.70.112.182
751,Paulo,Folling,pfollingku@homestead.com,Male,238.163.91.234
752,Marilin,Aveson,mavesonkv@lycos.com,Female,221.17.165.94
753,Rosa,Peckham,rpeckhamkw@china.com.cn,Female,205.47.35.157
754,Tedd,Hulse,thulsekx@independent.co.uk,Male,98.247.248.42
755,Carie,Graver,cgraverky@adobe.com,Female,78.206.28.52
756,Stanfield,Domney,sdomneykz@mashable.com,Male,230.86.43.47
757,Cooper,Grunguer,cgrunguerl0@dell.com,Male,71.230.166.218
758,Wade,Bazire,wbazirel1@jugem.jp,Male,112.226.129.76
759,Base,Haycox,bhaycoxl2@hc360.com,Male,211.214.108.104
760,Rod,Lindstedt,rlindstedtl3@indiegogo.com,Male,240.142.197.6
761,Demetris,Cowdrey,dcowdreyl4@bluehost.com,Male,130.20.193.49
762,Ruthann,Noads,rnoadsl5@wix.com,Polygender,122.113.161.87
763,Olvan,Toone,otoonel6@tmall.com,Male,70.200.243.37
764,Burg,Kybbye,bkybbyel7@toplist.cz,Male,149.138.21.63
765,Laurens,Gerge,lgergel8@moonfruit.com,Male,28.173.195.168
766,Jenica,Connechy,jconnechyl9@businesswire.com,Female,105.199.19.107
767,Renault,Sibbit,rsibbitla@merriam-webster.com,Male,102.75.177.67
768,Gregoire,Place,gplacelb@squarespace.com,Male,146.28.213.151
769,Meyer,O' Mullan,momullanlc@list-manage.com,Male,213.154.219.154
770,Sacha,Bruntje,sbruntjeld@sbwire.com,Female,217.242.116.110
771,Padraig,Gaddesby,pgaddesbyle@addthis.com,Male,96.19.176.161
772,Bette-ann,Wych,bwychlf@umich.edu,Female,135.248.200.231
773,Clementine,Hazeldine,chazeldinelg@ihg.com,Female,134.139.158.50
774,Heinrik,Wylder,hwylderlh@virginia.edu,Male,28.74.50.230
775,Jaclyn,Gewer,jgewerli@unicef.org,Female,48.179.242.155
776,Angelle,Radolf,aradolflj@altervista.org,Female,245.39.8.216
777,Augusta,Daintry,adaintrylk@wp.com,Female,48.74.125.74
778,Jarred,Lamp,jlampll@ed.gov,Male,198.14.245.13
779,Audry,Guinness,aguinnesslm@wikipedia.org,Female,150.10.142.126
780,Carlee,Howarth,chowarthln@list-manage.com,Female,23.106.32.238
781,Dayna,Ody,dodylo@comcast.net,Female,86.50.203.35
782,Reeta,Norcross,rnorcrosslp@is.gd,Genderfluid,186.29.80.155
783,Wenona,Sotheron,wsotheronlq@mediafire.com,Female,73.123.155.109
784,Tamarra,Whelband,twhelbandlr@ucoz.com,Female,141.118.163.175
785,Leola,Aistrop,laistropls@vinaora.com,Female,116.108.182.126
786,Dolly,Murtimer,dmurtimerlt@oaic.gov.au,Female,70.167.222.251
787,Gelya,Frarey,gfrareylu@bandcamp.com,Female,217.87.156.194
788,Brett,Everiss,beverisslv@dagondesign.com,Male,225.238.3.239
789,Tobey,Gladdis,tgladdislw@zdnet.com,Female,189.41.125.114
790,Edgard,Averall,eaveralllx@eepurl.com,Male,100.20.53.102
791,Jordan,Gooda,jgoodaly@purevolume.com,Female,47.41.229.80
792,Shandee,McGillivray,smcgillivraylz@feedburner.com,Female,190.200.47.200
793,Dot,Clows,dclowsm0@chron.com,Female,77.215.70.96
794,Casey,Rutherford,crutherfordm1@washingtonpost.com,Male,144.176.143.89
795,Boycey,Kittless,bkittlessm2@bravesites.com,Male,62.187.72.45
796,Land,Ovenden,lovendenm3@cmu.edu,Male,199.117.8.29
797,Leeland,Blazewicz,lblazewiczm4@omniture.com,Male,225.126.101.35
798,Tabatha,Bawdon,tbawdonm5@nydailynews.com,Female,201.154.3.129
799,Hakim,Gutridge,hgutridgem6@etsy.com,Male,26.35.235.63
800,Virginia,Lear,vlearm7@illinois.edu,Female,49.116.75.28
801,Leontyne,McCrow,lmccrowm8@alexa.com,Female,182.106.205.112
802,Asher,Hazlewood,ahazlewoodm9@utexas.edu,Male,226.184.91.25
803,Prentiss,Chapelhow,pchapelhowma@xrea.com,Male,251.68.26.223
804,Milo,Waterson,mwatersonmb@thetimes.co.uk,Male,210.69.129.29
805,Erasmus,Malamore,emalamoremc@soup.io,Male,15.6.203.151
806,Brander,St Louis,bstlouismd@goo.gl,Male,251.154.67.66
807,Rachel,Pass,rpassme@chron.com,Female,218.44.206.96
808,Worthy,Bernhardsson,wbernhardssonmf@senate.gov,Male,3.184.0.68
809,Jamima,Frane,jfranemg@scribd.com,Female,217.235.107.122
810,Sissy,McDell,smcdellmh@scribd.com,Female,250.53.11.55
811,Uriel,McKerrow,umckerrowmi@wufoo.com,Genderfluid,255.254.224.6
812,Cy,Lambertson,clambertsonmj@reverbnation.com,Male,235.115.254.52
813,Palm,Dolby,pdolbymk@bing.com,Male,16.7.67.222
814,Job,Danielli,jdanielliml@bing.com,Male,219.119.195.123
815,Kelcie,Tukesby,ktukesbymm@deviantart.com,Female,125.245.25.137
816,Karylin,Ranvoise,kranvoisemn@shutterfly.com,Female,200.93.201.89
817,Oralle,Brimicombe,obrimicombemo@columbia.edu,Female,219.104.222.62
818,Stanislaw,Tripney,stripneymp@themeforest.net,Male,23.12.156.143
819,Germaine,Bastiman,gbastimanmq@hp.com,Male,199.221.25.80
820,Denyse,Sunner,dsunnermr@bloglovin.com,Female,181.231.3.4
821,Morlee,Doctor,mdoctorms@prnewswire.com,Male,126.11.133.155
822,Frederick,Stell,fstellmt@last.fm,Male,110.71.166.131
823,Sigfried,Kitcat,skitcatmu@kickstarter.com,Male,73.179.212.96
824,Lydia,Landa,llandamv@pagesperso-orange.fr,Female,189.82.219.83
825,Alwin,Titford,atitfordmw@wordpress.com,Male,240.178.7.152
826,Maryjane,Cargill,mcargillmx@shinystat.com,Female,107.162.253.172
827,Stanislaus,Adamson,sadamsonmy@elpais.com,Male,87.92.208.165
828,Lowell,Buscombe,lbuscombemz@cocolog-nifty.com,Male,99.105.96.203
829,Evvy,Borless,eborlessn0@mail.ru,Female,10.117.34.157
830,Antonietta,Osborn,aosbornn1@ihg.com,Female,136.62.138.126
831,Jacqueline,Davidovitch,jdavidovitchn2@bluehost.com,Female,136.239.82.124
832,Mylo,Sellor,msellorn3@ca.gov,Male,216.28.213.32
833,Salem,Yuryichev,syuryichevn4@samsung.com,Male,23.197.214.76
834,Jesse,Laugier,jlaugiern5@dagondesign.com,Male,179.220.89.134
835,Rene,Grimsdyke,rgrimsdyken6@cyberchimps.com,Male,86.36.68.62
836,Waylen,Gillbee,wgillbeen7@ow.ly,Male,51.137.237.221
837,Onfre,Kollaschek,okollaschekn8@blogs.com,Male,155.37.219.68
838,Winfield,Hatton,whattonn9@yahoo.co.jp,Male,2.246.47.249
839,Bradly,Saunter,bsaunterna@squidoo.com,Male,119.117.213.225
840,Keane,Mulhall,kmulhallnb@xing.com,Agender,35.51.143.11
841,Mabel,Lusgdin,mlusgdinnc@jugem.jp,Female,162.216.74.147
842,Josephine,Illem,jillemnd@unesco.org,Female,151.0.0.208
843,Ofilia,Dulinty,odulintyne@icio.us,Female,185.24.176.103
844,Jedediah,Hrynczyk,jhrynczyknf@upenn.edu,Male,36.132.180.143
845,Dannie,Bruckshaw,dbruckshawng@blogspot.com,Female,225.121.173.26
846,Riordan,Jessett,rjessettnh@squidoo.com,Male,34.117.3.183
847,Damiano,Copping,dcoppingni@reference.com,Male,47.18.64.128
848,Roze,Frostdick,rfrostdicknj@constantcontact.com,Female,78.76.192.28
849,Benton,Lasty,blastynk@prweb.com,Male,79.101.176.173
850,Katine,McKane,kmckanenl@constantcontact.com,Female,54.6.63.109
851,Claresta,Jagg,cjaggnm@xing.com,Female,85.36.204.205
852,Dulci,Leverich,dleverichnn@last.fm,Female,171.11.81.194
853,Samuel,MacVagh,smacvaghno@goodreads.com,Male,104.83.91.150
854,Kori,Twizell,ktwizellnp@nyu.edu,Female,30.49.2.248
855,Angelita,Cathee,acatheenq@omniture.com,Genderfluid,113.5.42.168
856,Leontine,Chetham,lchethamnr@ed.gov,Female,92.11.183.65
857,Maura,Game,mgamens@mail.ru,Female,163.211.179.87
858,Alanna,Brownhall,abrownhallnt@360.cn,Non-binary,178.183.62.205
859,Sutton,Fowlston,sfowlstonnu@slate.com,Genderfluid,47.168.23.66
860,Sebastian,Morgen,smorgennv@dailymail.co.uk,Male,204.20.39.235
861,Kristina,Dinnington,kdinningtonnw@alibaba.com,Female,156.1.198.189
862,Paul,Saltmarsh,psaltmarshnx@tripadvisor.com,Male,165.66.121.204
863,Marietta,Atterley,matterleyny@cdc.gov,Female,219.218.65.46
864,Pepito,Mynett,pmynettnz@sciencedirect.com,Male,112.10.182.111
865,Rosella,MacCallion,rmaccalliono0@aol.com,Female,148.240.63.141
866,Janeczka,Aulds,jauldso1@google.de,Female,84.237.248.83
867,Ginelle,Shallcroff,gshallcroffo2@phoca.cz,Female,139.185.39.77
868,Hadley,MacGill,hmacgillo3@bravesites.com,Male,233.247.187.208
869,Claudell,O'Nowlan,conowlano4@vistaprint.com,Male,216.8.10.132
870,Reba,Parmenter,rparmentero5@parallels.com,Female,161.40.145.84
871,Albie,Loughman,aloughmano6@narod.ru,Bigender,169.31.79.224
872,Jacquenetta,Rowbury,jrowburyo7@nsw.gov.au,Female,150.206.118.107
873,Caz,De la Feld,cdelafeldo8@seattletimes.com,Male,50.85.233.244
874,Skipp,Kezor,skezoro9@ebay.co.uk,Non-binary,139.122.152.11
875,Jade,Weatherup,jweatherupoa@posterous.com,Female,39.112.174.115
876,Liam,Paeckmeyer,lpaeckmeyerob@ihg.com,Male,11.57.243.198
877,James,Hruska,jhruskaoc@cargocollective.com,Male,29.196.103.211
878,Derrik,Glencrash,dglencrashod@pen.io,Male,149.170.194.66
879,Mayer,Goodsir,mgoodsiroe@icio.us,Male,214.72.60.64
880,Leonard,Hatherleigh,lhatherleighof@hubpages.com,Male,24.204.233.3
881,Zack,Carlett,zcarlettog@cornell.edu,Male,144.50.60.252
882,Coretta,Bulluck,cbulluckoh@bandcamp.com,Female,46.149.234.210
883,Giovanna,Iiannoni,giiannonioi@sogou.com,Female,205.139.175.208
884,Farrand,Spires,fspiresoj@ca.gov,Female,95.53.23.217
885,Cathleen,Emblem,cemblemok@dion.ne.jp,Female,159.117.202.88
886,Brennen,Farrier,bfarrierol@e-recht24.de,Male,40.133.254.115
887,Marris,Artingstall,martingstallom@jiathis.com,Female,218.117.207.235
888,Creighton,Struys,cstruyson@google.it,Male,148.180.77.86
889,Sallyann,Christofor,schristoforoo@house.gov,Female,56.63.158.168
890,Aurie,Carlett,acarlettop@indiatimes.com,Genderfluid,183.142.240.130
891,Vittoria,Clew,vclewoq@va.gov,Female,194.223.106.86
892,Say,Jobbing,sjobbingor@mayoclinic.com,Male,133.249.241.251
893,Micky,Hawkyens,mhawkyensos@deliciousdays.com,Female,167.123.76.201
894,Moira,Burrill,mburrillot@biblegateway.com,Female,7.86.233.86
895,Chuck,Surgey,csurgeyou@fastcompany.com,Male,175.121.244.1
896,Cosette,Zahor,czahorov@ebay.co.uk,Female,249.179.210.87
897,Schuyler,Stanfield,sstanfieldow@webmd.com,Male,19.56.188.155
898,Ernst,Tommasuzzi,etommasuzziox@mac.com,Male,221.39.254.197
899,Jedidiah,Milligan,jmilliganoy@sfgate.com,Agender,192.109.17.240
900,Nick,Mussard,nmussardoz@bing.com,Male,139.70.91.155
901,Basia,Edmonston,bedmonstonp0@pbs.org,Female,112.216.126.44
902,Traver,Penlington,tpenlingtonp1@example.com,Male,119.220.28.9
903,Jacynth,Clutten,jcluttenp2@w3.org,Female,186.144.63.84
904,Marlo,Greetham,mgreethamp3@gnu.org,Female,211.22.52.160
905,Kassandra,Wharin,kwharinp4@bandcamp.com,Female,236.128.16.27
906,Luciano,Patron,lpatronp5@vk.com,Male,99.50.46.75
907,Arlee,Biffen,abiffenp6@hao123.com,Female,133.126.57.228
908,Imogen,Powder,ipowderp7@time.com,Female,87.77.3.239
909,Lou,Hallick,lhallickp8@biglobe.ne.jp,Female,0.76.182.146
910,Sammie,Normanvill,snormanvillp9@abc.net.au,Male,94.51.181.58
911,Doll,Blade,dbladepa@skyrock.com,Female,20.17.65.2
912,Base,Abramsky,babramskypb@fastcompany.com,Male,144.228.203.212
913,Berti,Linthead,blintheadpc@state.gov,Male,106.121.88.153
914,Wilhelmina,Kirwood,wkirwoodpd@statcounter.com,Female,194.114.199.36
915,Elihu,Prozillo,eprozillope@statcounter.com,Male,46.147.35.240
916,Fania,Jiruca,fjirucapf@ihg.com,Female,142.106.1.243
917,Christos,Brett,cbrettpg@unc.edu,Male,232.190.192.119
918,Jory,Isaacson,jisaacsonph@wiley.com,Male,16.232.45.183
919,Jacklyn,Filov,jfilovpi@diigo.com,Female,140.120.169.200
920,Shena,Chatto,schattopj@about.com,Female,22.51.217.168
921,Florri,Kurdani,fkurdanipk@sourceforge.net,Female,104.212.181.172
922,Laurene,Bernet,lbernetpl@indiatimes.com,Female,190.18.51.101
923,Lew,Postin,lpostinpm@jimdo.com,Male,113.0.100.204
924,Karla,Baldacchi,kbaldacchipn@paginegialle.it,Bigender,241.9.254.48
925,Tadd,Skelbeck,tskelbeckpo@alexa.com,Male,255.208.139.66
926,Kurt,Collishaw,kcollishawpp@reverbnation.com,Male,41.184.135.104
927,Judd,McCluin,jmccluinpq@howstuffworks.com,Non-binary,75.7.6.23
928,Gretna,Perham,gperhampr@i2i.jp,Female,97.220.164.91
929,Tremaine,Welsby,twelsbyps@samsung.com,Male,94.96.255.61
930,Ruthann,Whiscard,rwhiscardpt@spiegel.de,Female,62.174.62.167
931,Fairlie,Farrier,ffarrierpu@disqus.com,Male,252.68.200.76
932,Haroun,Thirlaway,hthirlawaypv@fda.gov,Male,52.70.44.71
933,Melania,Tewes,mtewespw@ucoz.com,Female,235.69.137.244
934,Israel,Blader,ibladerpx@washingtonpost.com,Male,219.92.152.44
935,Corbin,Mebs,cmebspy@cmu.edu,Male,236.201.74.116
936,Sydel,Robertelli,srobertellipz@networkadvertising.org,Female,233.117.64.182
937,Ketty,Oliffe,koliffeq0@prlog.org,Female,149.90.140.135
938,Babb,Pritchett,bpritchettq1@bing.com,Female,216.106.118.55
939,Berni,Waylen,bwaylenq2@exblog.jp,Female,66.199.192.212
940,Dorian,Fessier,dfessierq3@tinyurl.com,Female,176.189.10.39
941,Tressa,Plumer,tplumerq4@cyberchimps.com,Polygender,246.14.132.169
942,Donal,Whittier,dwhittierq5@newyorker.com,Male,229.63.8.178
943,Edeline,Stone,estoneq6@clickbank.net,Female,186.234.179.100
944,Arch,Oxenham,aoxenhamq7@pbs.org,Male,65.169.153.120
945,Mahala,Mace,mmaceq8@lulu.com,Female,117.191.82.58
946,Rick,Learmonth,rlearmonthq9@fastcompany.com,Agender,20.112.121.213
947,Dulcia,Dennitts,ddennittsqa@myspace.com,Female,87.145.145.75
948,Trenton,Goodison,tgoodisonqb@google.nl,Male,236.236.173.163
949,Ricoriki,Tiesman,rtiesmanqc@discovery.com,Male,97.235.121.174
950,Brynn,Ragbourne,bragbourneqd@geocities.jp,Female,100.75.156.41
951,Romain,Bahlmann,rbahlmannqe@joomla.org,Male,47.107.115.93
952,Giana,Carmel,gcarmelqf@imdb.com,Female,183.213.209.53
953,Dane,Salthouse,dsalthouseqg@tripadvisor.com,Male,57.228.74.34
954,Magdalen,Treuge,mtreugeqh@gnu.org,Female,127.53.92.156
955,Dallas,Sudell,dsudellqi@google.com.br,Female,247.181.86.112
956,Jaquelin,Espada,jespadaqj@forbes.com,Female,156.146.103.77
957,Pris,Coppen,pcoppenqk@webnode.com,Female,70.50.191.207
958,Der,Conner,dconnerql@icq.com,Male,98.146.195.110
959,Sheelah,Bannell,sbannellqm@kickstarter.com,Female,178.59.72.10
960,Tonya,Bullant,tbullantqn@google.nl,Female,129.28.211.3
961,Minette,Clerc,mclercqo@rambler.ru,Female,37.211.34.41
962,Konrad,Sorton,ksortonqp@exblog.jp,Male,35.41.196.15
963,Thedric,Rainey,traineyqq@about.com,Male,222.224.177.18
964,Glenden,Naerup,gnaerupqr@arstechnica.com,Male,111.146.59.206
965,Mady,Dorgan,mdorganqs@hp.com,Female,7.228.115.212
966,Uriah,Luchetti,uluchettiqt@ihg.com,Male,131.4.18.145
967,Cori,Rance,crancequ@simplemachines.org,Genderqueer,21.205.198.24
968,Alvie,Alessandrucci,aalessandrucciqv@spiegel.de,Male,154.221.11.242
969,Ellsworth,Latore,elatoreqw@harvard.edu,Male,28.213.254.44
970,Elnora,Leppingwell,eleppingwellqx@chronoengine.com,Female,134.196.120.94
971,Sianna,Cuffley,scuffleyqy@netlog.com,Polygender,218.160.183.170
972,Adelina,Tatham,atathamqz@wsj.com,Female,155.142.240.172
973,Morry,Vigar,mvigarr0@vistaprint.com,Agender,134.252.68.240
974,Zelma,Sarfat,zsarfatr1@ftc.gov,Female,205.114.38.172
975,Maddie,Fitchen,mfitchenr2@posterous.com,Male,161.125.54.194
976,Sampson,Felgat,sfelgatr3@paypal.com,Male,180.97.118.226
977,Alphonso,Cawsey,acawseyr4@apple.com,Male,156.79.15.172
978,Carmela,Despenser,cdespenserr5@guardian.co.uk,Female,156.231.18.160
979,Philis,Percy,ppercyr6@diigo.com,Non-binary,220.65.148.12
980,Quentin,Lythgoe,qlythgoer7@eventbrite.com,Agender,235.180.141.119
981,Kalli,Denidge,kdenidger8@prnewswire.com,Female,25.180.181.64
982,Olin,Rathjen,orathjenr9@bing.com,Male,254.182.42.107
983,Titus,Duffree,tduffreera@alibaba.com,Male,10.234.72.100
984,Spense,Bugler,sbuglerrb@soup.io,Male,10.187.115.204
985,Claiborn,Abercrombie,cabercrombierc@dell.com,Genderqueer,227.140.146.188
986,Albrecht,Lehemann,alehemannrd@archive.org,Male,146.216.25.111
987,Shelbi,Leddie,sleddiere@devhub.com,Female,253.233.237.19
988,Norine,Readshaw,nreadshawrf@cnbc.com,Female,237.74.215.193
989,Giorgio,Ovendon,govendonrg@tripod.com,Male,74.108.38.126
990,Kellia,Poker,kpokerrh@yahoo.co.jp,Female,53.60.170.164
991,Donna,Anglim,danglimri@mapy.cz,Female,210.252.235.63
992,Jonathan,McClancy,jmcclancyrj@nifty.com,Male,61.62.49.137
993,Say,Baty,sbatyrk@constantcontact.com,Male,74.116.93.95
994,Issie,Pettican,ipetticanrl@photobucket.com,Female,107.70.30.20
995,Lynn,Ploughwright,lploughwrightrm@who.int,Female,5.20.128.111
996,Westbrook,Bradnock,wbradnockrn@google.fr,Male,110.0.8.187
997,Shep,Edgeworth,sedgeworthro@tinypic.com,Genderqueer,138.201.159.172
998,Debbi,Welchman,dwelchmanrp@ustream.tv,Female,87.47.243.247
999,Dugald,Aasaf,daasafrq@sciencedirect.com,Male,200.156.133.126
1000,Klarika,O'Lenechan,kolenechanrr@army.mil,Female,158.218.70.220
